{"nodes":{"node:1":{"location":{"x":-37,"y":-487}},"node:4":{"location":{"x":-73,"y":-167}}},"selection":null,"view":{"scroll":{"x":-164.419448852539063,"y":-395.12774658203125},"zoom":0.749999940395355225}}